<?xml version="1.0" encoding="UTF-8"?>

<?import javafx.scene.control.Button?>
<?import javafx.scene.control.TextField?>
<?import javafx.scene.layout.AnchorPane?>
<?import javafx.scene.text.Font?>
<?import javafx.scene.text.Text?>

<AnchorPane maxHeight="-Infinity" maxWidth="-Infinity" minHeight="-Infinity" minWidth="-Infinity" prefHeight="400.0" prefWidth="600.0" xmlns="http://javafx.com/javafx/15.0.1" xmlns:fx="http://javafx.com/fxml/1" fx:controller="org.example.PrimaryController">
   <children>
      <TextField fx:id="cityInput" layoutX="194.0" layoutY="133.0" />
      <Button layoutX="354.0" layoutY="133.0" mnemonicParsing="false" onAction="#getWeatherData" text="Button" />
      <Text fx:id="weatherText" layoutX="52.0" layoutY="289.0" strokeType="OUTSIDE" strokeWidth="0.0">
         <font>
            <Font size="25.0" />
         </font>
      </Text>
      <Text layoutX="171.0" layoutY="71.0" strokeType="OUTSIDE" strokeWidth="0.0" text="Today's Weather">
         <font>
            <Font size="35.0" />
         </font>
      </Text>
   </children>
</AnchorPane>